web-scraper-order,web-scraper-start-url,Reg,Aircraft Type,Config,Delivered,Fleet Number,Age
"1519894626-6142","https://www.planespotters.net/airline/China-Eastern-Airlines?p=9","B-5492","Boeing 737-89P(WL)","C8Y159","24. Nov 2009","null","8.4 Years"
"1519894634-6317","https://www.planespotters.net/airline/China-Eastern-Airlines?p=6","B-5926","Airbus A330-243","C30Y204","04. Jun 2013","null","4.8 Years"
"1519894636-6367","https://www.planespotters.net/airline/China-Eastern-Airlines?p=5","B-6755","Airbus A321-231","C12Y166","23. Jun 2011","null","6.7 Years"
"1519894626-6118","https://www.planespotters.net/airline/China-Eastern-Airlines?p=9","B-1537","Boeing 737-89P(WL)","","21. Oct 2016","null","1.4 Years"
"1519894629-6185","https://www.planespotters.net/airline/China-Eastern-Airlines?p=8","B-5271","Boeing 737-79P(WL)","C8Y126","25. Oct 2010","null","7.4 Years"
"1519894636-6357","https://www.planespotters.net/airline/China-Eastern-Airlines?p=5","B-6366","Airbus A321-211","C20Y155","28. Jul 2008","null","9.6 Years"
"1519894646-6556","https://www.planespotters.net/airline/China-Eastern-Airlines?p=1","B-6476","Airbus A319-115(WL)","C8Y114","11. May 2015","null","2.8 Years"
"1519894631-6248","https://www.planespotters.net/airline/China-Eastern-Airlines?p=7","B-6100","Airbus A330-343","C38Y262","25. Jul 2008","null","9.9 Years"
"1519894639-6399","https://www.planespotters.net/airline/China-Eastern-Airlines?p=4","B-8387","Airbus A320-214(WL)","C8Y150","02. Mar 2017","null","1.0 Years"
"1519894631-6233","https://www.planespotters.net/airline/China-Eastern-Airlines?p=7","B-6122","Airbus A330-243","C24Y242","13. Mar 2006","null","12.1 Years"
"1519894646-6538","https://www.planespotters.net/airline/China-Eastern-Airlines?p=1","B-6439","Airbus A319-133","C8Y114","29. Mar 2013","null","4.9 Years"
"1519894636-6332","https://www.planespotters.net/airline/China-Eastern-Airlines?p=5","B-9975","Airbus A320-232(WL)","C8Y150","05. Nov 2013","null","4.4 Years"
"1519894636-6323","https://www.planespotters.net/airline/China-Eastern-Airlines?p=5","B-9941","Airbus A320-214(WL)","C8Y150","24. Jul 2013","null","4.7 Years"
"1519894624-6104","https://www.planespotters.net/airline/China-Eastern-Airlines?p=10","B-2022","Boeing 777-39P(ER)","F6C52Y258","29. Jul 2015","null","2.6 Years"
"1519894636-6335","https://www.planespotters.net/airline/China-Eastern-Airlines?p=5","B-","Airbus A320-251N","","(On Order)","null",""
"1519894629-6178","https://www.planespotters.net/airline/China-Eastern-Airlines?p=8","B-5257","Boeing 737-79P(WL)","C8Y126","23. Jul 2009","null","8.7 Years"
"1519894636-6322","https://www.planespotters.net/airline/China-Eastern-Airlines?p=5","B-9927","Airbus A320-214","C8Y150","26. Mar 2013","null","5.0 Years"
"1519894629-6219","https://www.planespotters.net/airline/China-Eastern-Airlines?p=8","B-1536","Boeing 737-89P(WL)","","19. Sep 2016","null","1.5 Years"
"1519894641-6448","https://www.planespotters.net/airline/China-Eastern-Airlines?p=3","B-6673","Airbus A320-232","C8Y150","22. Jun 2010","null","7.7 Years"
"1519894626-6145","https://www.planespotters.net/airline/China-Eastern-Airlines?p=9","B-5515","Boeing 737-89P(WL)","C8Y159","31. Oct 2011
(22. Jun 2010)","null","7.7 Years"
"1519894634-6287","https://www.planespotters.net/airline/China-Eastern-Airlines?p=6","B-8569","Airbus A321-211(WL)","C12Y170","30. Aug 2017","null","0.5 Years"
"1519894641-6431","https://www.planespotters.net/airline/China-Eastern-Airlines?p=3","B-6558","Airbus A320-232","C8Y150","20. Feb 2009","null","9.1 Years"
"1519894646-6561","https://www.planespotters.net/airline/China-Eastern-Airlines?p=1","B-1018","Airbus A320-214(WL)","C8Y150","27. Oct 2017","null","0.4 Years"
"1519894626-6165","https://www.planespotters.net/airline/China-Eastern-Airlines?p=9","B-5858","Boeing 737-89P(WL)","C8Y159","12. Nov 2013","null","4.3 Years"
"1519894634-6318","https://www.planespotters.net/airline/China-Eastern-Airlines?p=6","B-5930","Airbus A330-243","C30Y204","01. Jul 2013","null","4.7 Years"
"1519894639-6406","https://www.planespotters.net/airline/China-Eastern-Airlines?p=4","B-8498","Airbus A320-232(WL)","C8Y150","31. Mar 2016","null","2.0 Years"
"1519894634-6309","https://www.planespotters.net/airline/China-Eastern-Airlines?p=6","B-9907","Airbus A321-231(WL)","C12Y170","26. Apr 2013","null","4.9 Years"
"1519894626-6162","https://www.planespotters.net/airline/China-Eastern-Airlines?p=9","B-5839","Boeing 737-89P(WL)","C8Y159","06. Jun 2016","null","4.6 Years"
"1519894641-6439","https://www.planespotters.net/airline/China-Eastern-Airlines?p=3","B-6616","Airbus A320-232","C8Y150","17. Nov 2009","null","8.4 Years"
"1519894646-6546","https://www.planespotters.net/airline/China-Eastern-Airlines?p=1","B-6460","Airbus A319-115(WL)","C8Y114","03. Sep 2014","null","3.5 Years"
"1519894639-6414","https://www.planespotters.net/airline/China-Eastern-Airlines?p=4","B-8856","Airbus A320-214(WL)","C8Y150","30. Jun 2017","null","0.7 Years"
"1519894629-6211","https://www.planespotters.net/airline/China-Eastern-Airlines?p=8","B-1320","Boeing 737-89P(WL)","","16. Nov 2017","null","0.3 Years"
"1519894631-6221","https://www.planespotters.net/airline/China-Eastern-Airlines?p=7","B-5942","Airbus A330-243","C30Y204","03. Mar 2014","null","4.1 Years"
"1519894634-6289","https://www.planespotters.net/airline/China-Eastern-Airlines?p=6","B-8571","Airbus A321-211(WL)","C12Y170","28. Jul 2016","null","1.6 Years"
"1519894639-6378","https://www.planespotters.net/airline/China-Eastern-Airlines?p=4","B-6879","Airbus A320-214","C8Y150","16. May 2012","null","5.8 Years"
"1519894639-6384","https://www.planespotters.net/airline/China-Eastern-Airlines?p=4","B-6928","Airbus A320-214","C8Y150","12. Jun 2012","null","5.8 Years"
"1519894644-6521","https://www.planespotters.net/airline/China-Eastern-Airlines?p=2","B-6012","Airbus A320-214","C8Y150","28. Jul 2004","null","13.7 Years"
"1519894624-6090","https://www.planespotters.net/airline/China-Eastern-Airlines?p=10","B-7592","Boeing 737-89P(WL)","","18. Nov 2016","null","1.3 Years"
"1519894644-6494","https://www.planespotters.net/airline/China-Eastern-Airlines?p=2","B-2230","Airbus A320-214","C8Y150","10. Apr 2003","null","15.0 Years"
"1519894636-6356","https://www.planespotters.net/airline/China-Eastern-Airlines?p=5","B-6345","Airbus A321-211","C20Y155","18. Apr 2008","null","9.9 Years"
"1519894626-6130","https://www.planespotters.net/airline/China-Eastern-Airlines?p=9","B-1792","Boeing 737-89P(WL)","","23. Jul 2015","null","2.6 Years"
"1519894634-6297","https://www.planespotters.net/airline/China-Eastern-Airlines?p=6","B-8651","Airbus A321-211(WL)","C12Y170","09. Dec 2016","null","1.2 Years"
"1519894631-6228","https://www.planespotters.net/airline/China-Eastern-Airlines?p=7","B-5973","Airbus A330-243","C30Y204","22. May 2015","null","2.8 Years"
"1519894631-6261","https://www.planespotters.net/airline/China-Eastern-Airlines?p=7","B-8970","Airbus A330-343","C32W32Y230","28. Jun 2017","null","0.8 Years"
"1519894624-6083","https://www.planespotters.net/airline/China-Eastern-Airlines?p=10","B-7301","Boeing 737-89P(WL)","","26. Feb 2016","null","2.1 Years"
"1519894641-6471","https://www.planespotters.net/airline/China-Eastern-Airlines?p=3","B-6832","Airbus A320-214","C8Y150","21. Dec 2011","null","6.2 Years"
"1519894629-6173","https://www.planespotters.net/airline/China-Eastern-Airlines?p=8","B-5242","Boeing 737-79P(WL)","C8Y126","23. Aug 2007","null","10.6 Years"
"1519894631-6230","https://www.planespotters.net/airline/China-Eastern-Airlines?p=7","B-6082","Airbus A330-243","C24Y242","23. Mar 2007","null","11.0 Years"
"1519894631-6255","https://www.planespotters.net/airline/China-Eastern-Airlines?p=7","B-6506","Airbus A330-343","C38Y262","31. Jul 2008","null","9.7 Years"
"1519894631-6250","https://www.planespotters.net/airline/China-Eastern-Airlines?p=7","B-6120","Airbus A330-343","C38Y262","25. Jan 2006","null","12.3 Years"
"1519894631-6263","https://www.planespotters.net/airline/China-Eastern-Airlines?p=7","B-8972","Airbus A330-343","C32W32Y230","28. Aug 2017","null","0.6 Years"
"1519894646-6569","https://www.planespotters.net/airline/China-Eastern-Airlines?p=1","B-1609","Airbus A320-214(WL)","C8Y150","10. Dec 2014","null","3.3 Years"
"1519894636-6349","https://www.planespotters.net/airline/China-Eastern-Airlines?p=5","B-2292","Airbus A321-211","C20Y155","08. Sep 2005","null","12.5 Years"
"1519894641-6438","https://www.planespotters.net/airline/China-Eastern-Airlines?p=3","B-6601","Airbus A320-232","C8Y150","19. Oct 2009","null","8.5 Years"
"1519894641-6454","https://www.planespotters.net/airline/China-Eastern-Airlines?p=3","B-6716","Airbus A320-232","C8Y150","21. Dec 2010","null","7.2 Years"
"1519894639-6392","https://www.planespotters.net/airline/China-Eastern-Airlines?p=4","B-8222","Airbus A320-232(WL)","C8Y150","23. Dec 2015","null","2.2 Years"
"1519894626-6143","https://www.planespotters.net/airline/China-Eastern-Airlines?p=9","B-5493","Boeing 737-89P(WL)","C8Y159","15. Dec 2009","null","8.2 Years"
"1519894631-6236","https://www.planespotters.net/airline/China-Eastern-Airlines?p=7","B-6538","Airbus A330-243","C30Y204","05. Dec 2011","null","6.3 Years"
"1519894641-6445","https://www.planespotters.net/airline/China-Eastern-Airlines?p=3","B-6639","Airbus A320-232","C8Y150","08. Apr 2010","null","8.0 Years"
"1519894631-6268","https://www.planespotters.net/airline/China-Eastern-Airlines?p=7","B-2502","Boeing 737-7W0(WL)","C8Y126","30. Jul 2003","null","18.7 Years"
"1519894641-6435","https://www.planespotters.net/airline/China-Eastern-Airlines?p=3","B-6586","Airbus A320-232","C8Y150","03. Sep 2009","null","8.6 Years"
"1519894631-6259","https://www.planespotters.net/airline/China-Eastern-Airlines?p=7","B-8967","Airbus A330-343","C32W32Y230","28. Jul 2017","null","0.7 Years"
"1519894631-6240","https://www.planespotters.net/airline/China-Eastern-Airlines?p=7","B-1041","Airbus A330-343","C32W32Y230","29. Jan 2018","null","0.1 Years"
"1519894636-6351","https://www.planespotters.net/airline/China-Eastern-Airlines?p=5","B-2420","Airbus A321-211","C20Y155","16. Oct 2006","null","11.5 Years"
"1519894639-6418","https://www.planespotters.net/airline/China-Eastern-Airlines?p=4","B-8973","Airbus A320-214(WL)","C8Y150","13. Jan 2017","null","1.2 Years"
"1519894644-6479","https://www.planespotters.net/airline/China-Eastern-Airlines?p=2","B-1836","Airbus A320-214(WL)","C8Y150","27. May 2014","null","3.8 Years"
"1519894639-6391","https://www.planespotters.net/airline/China-Eastern-Airlines?p=4","B-8119","Airbus A320-232(WL)","C8Y150","27. Nov 2015","null","2.3 Years"
"1519894631-6265","https://www.planespotters.net/airline/China-Eastern-Airlines?p=7","B-1380","Boeing 737-8 MAX","","26. Dec 2017","null","0.2 Years"
"1519894626-6158","https://www.planespotters.net/airline/China-Eastern-Airlines?p=9","B-5780","Boeing 737-89P(WL)","C8Y159","26. Sep 2013","null","4.5 Years"
"1519894624-6077","https://www.planespotters.net/airline/China-Eastern-Airlines?p=10","B-6148","Boeing 737-89P(WL)","","16. Nov 2015","null","2.3 Years"
"1519894626-6129","https://www.planespotters.net/airline/China-Eastern-Airlines?p=9","B-1791","Boeing 737-89P(WL)","","22. Jun 2015","null","2.7 Years"
"1519894629-6217","https://www.planespotters.net/airline/China-Eastern-Airlines?p=8","B-1515","Boeing 737-89P(WL)","","11. Jun 2015","null","2.7 Years"
"1519894631-6258","https://www.planespotters.net/airline/China-Eastern-Airlines?p=7","B-8863","Airbus A330-343","C32W32Y230","14. Dec 2017","null","0.6 Years"
"1519894646-6542","https://www.planespotters.net/airline/China-Eastern-Airlines?p=1","B-6456","Airbus A319-132(WL)","C8Y114","16. Apr 2014","null","3.9 Years"
"1519894646-6549","https://www.planespotters.net/airline/China-Eastern-Airlines?p=1","B-6463","Airbus A319-132(WL)","C8Y114","15. Oct 2014","null","3.4 Years"
"1519894646-6568","https://www.planespotters.net/airline/China-Eastern-Airlines?p=1","B-1608","Airbus A320-232(WL)","C8Y150","13. Nov 2014","null","3.3 Years"
"1519894631-6232","https://www.planespotters.net/airline/China-Eastern-Airlines?p=7","B-6121","Airbus A330-243","C24Y242","28. Feb 2006","null","12.1 Years"
"1519894636-6348","https://www.planespotters.net/airline/China-Eastern-Airlines?p=5","B-2291","Airbus A321-211","C20Y155","18. Aug 2005","null","12.6 Years"
"1519894634-6310","https://www.planespotters.net/airline/China-Eastern-Airlines?p=6","B-9947","Airbus A321-231(WL)","C12Y170","18. Jul 2013","null","4.7 Years"
"1519894641-6443","https://www.planespotters.net/airline/China-Eastern-Airlines?p=3","B-6637","Airbus A320-232","C8Y150","29. Mar 2010","null","8.0 Years"
"1519894636-6350","https://www.planespotters.net/airline/China-Eastern-Airlines?p=5","B-2419","Airbus A321-211","C20Y155","18. Sep 2006","null","11.5 Years"
"1519894641-6465","https://www.planespotters.net/airline/China-Eastern-Airlines?p=3","B-6802","Airbus A320-214","C8Y150","30. Sep 2011","null","6.5 Years"
"1519894636-6343","https://www.planespotters.net/airline/China-Eastern-Airlines?p=5","B-1837","Airbus A321-231(WL)","C12Y170","17. Jul 2014","null","3.6 Years"
"1519894639-6377","https://www.planespotters.net/airline/China-Eastern-Airlines?p=4","B-6878","Airbus A320-214","C8Y150","09. May 2012","null","5.9 Years"
"1519894631-6222","https://www.planespotters.net/airline/China-Eastern-Airlines?p=7","B-5943","Airbus A330-243","C30Y204","24. Apr 2014","null","3.9 Years"
"1519894639-6397","https://www.planespotters.net/airline/China-Eastern-Airlines?p=4","B-8276","Airbus A320-232(WL)","C8Y150","27. Nov 2015","null","2.3 Years"
"1519894646-6551","https://www.planespotters.net/airline/China-Eastern-Airlines?p=1","B-6466","Airbus A319-115(WL)","C8Y114","12. Dec 2014","null","3.3 Years"
"1519894631-6237","https://www.planespotters.net/airline/China-Eastern-Airlines?p=7","B-6543","Airbus A330-243","C30Y204","19. Jan 2012","null","6.2 Years"
"1519894639-6400","https://www.planespotters.net/airline/China-Eastern-Airlines?p=4","B-8391","Airbus A320-214(WL)","C8Y150","28. Apr 2016","null","1.9 Years"
"1519894624-6084","https://www.planespotters.net/airline/China-Eastern-Airlines?p=10","B-7375","Boeing 737-89P(WL)","","15. Jan 2016","null","2.2 Years"
"1519894636-6361","https://www.planespotters.net/airline/China-Eastern-Airlines?p=5","B-6591","Airbus A321-231","C12Y166","11. Aug 2010","null","8.7 Years"
"1519894629-6172","https://www.planespotters.net/airline/China-Eastern-Airlines?p=8","B-5231","Boeing 737-79P(WL)","C8Y126","30. Aug 2006","null","11.5 Years"
"1519894636-6347","https://www.planespotters.net/airline/China-Eastern-Airlines?p=5","B-2290","Airbus A321-211","C20Y155","26. Oct 2004","null","13.4 Years"
"1519894646-6557","https://www.planespotters.net/airline/China-Eastern-Airlines?p=1","B-6477","Airbus A319-115(WL)","C8Y114","05. Jun 2015","null","2.8 Years"
"1519894644-6487","https://www.planespotters.net/airline/China-Eastern-Airlines?p=2","B-2208","Airbus A320-214","C8Y150","20. Sep 1999","null","18.6 Years"
"1519894624-6103","https://www.planespotters.net/airline/China-Eastern-Airlines?p=10","B-2021","Boeing 777-39P(ER)","F6C52Y258","23. Jun 2015","null","2.8 Years"
"1519894629-6210","https://www.planespotters.net/airline/China-Eastern-Airlines?p=8","B-1319","Boeing 737-89P(WL)","","30. Nov 2017","null","0.3 Years"
"1519894644-6483","https://www.planespotters.net/airline/China-Eastern-Airlines?p=2","B-1862","Airbus A320-214(WL)","C8Y150","18. Aug 2014","null","3.6 Years"
"1519894626-6122","https://www.planespotters.net/airline/China-Eastern-Airlines?p=9","B-1723","Boeing 737-89P(WL)","C8Y159","16. Dec 2014","null","3.3 Years"
"1519894624-6087","https://www.planespotters.net/airline/China-Eastern-Airlines?p=10","B-7589","Boeing 737-89P(WL)","","20. Dec 2016","null","1.2 Years"
"1519894624-6092","https://www.planespotters.net/airline/China-Eastern-Airlines?p=10","B-7600","Boeing 737-89P(WL)","","27. Sep 2016","null","1.4 Years"
"1519894629-6205","https://www.planespotters.net/airline/China-Eastern-Airlines?p=8","B-1308","Boeing 737-89P(WL)","","22. Aug 2017","null","0.6 Years"
"1519894644-6524","https://www.planespotters.net/airline/China-Eastern-Airlines?p=2","B-6335","Airbus A320-214","C8Y150","01. Aug 2007","null","10.6 Years"
"1519894641-6437","https://www.planespotters.net/airline/China-Eastern-Airlines?p=3","B-6600","Airbus A320-232","C8Y150","27. Oct 2009","null","8.4 Years"
"1519894636-6333","https://www.planespotters.net/airline/China-Eastern-Airlines?p=5","B-","Airbus A320-251N","","(On Order)","null",""
"1519894634-6315","https://www.planespotters.net/airline/China-Eastern-Airlines?p=6","B-5920","Airbus A330-243","C30Y204","11. Jan 2013","null","5.2 Years"
"1519894644-6502","https://www.planespotters.net/airline/China-Eastern-Airlines?p=2","B-2359","Airbus A320-214","C8Y150","20. Sep 2003","null","19.7 Years"
"1519894639-6374","https://www.planespotters.net/airline/China-Eastern-Airlines?p=4","B-6875","Airbus A320-232","C8Y150","27. Mar 2012","null","6.0 Years"
"1519894631-6266","https://www.planespotters.net/airline/China-Eastern-Airlines?p=7","B-1383","Boeing 737-8 MAX","","05. Dec 2017","null","0.3 Years"
"1519894641-6463","https://www.planespotters.net/airline/China-Eastern-Airlines?p=3","B-6799","Airbus A320-214","C8Y150","02. Sep 2011","null","6.5 Years"
"1519894629-6198","https://www.planespotters.net/airline/China-Eastern-Airlines?p=8","B-5821","Boeing 737-79P(WL)","C8Y126","25. Aug 2014","null","3.6 Years"
"1519894641-6473","https://www.planespotters.net/airline/China-Eastern-Airlines?p=3","B-6871","Airbus A320-214","C8Y150","09. Feb 2012","null","6.1 Years"
"1519894624-6085","https://www.planespotters.net/airline/China-Eastern-Airlines?p=10","B-7376","Boeing 737-89P(WL)","","20. Feb 2016","null","2.1 Years"
"1519894634-6296","https://www.planespotters.net/airline/China-Eastern-Airlines?p=6","B-8650","Airbus A321-211(WL)","C12Y170","15. Nov 2016","null","1.3 Years"
"1519894634-6281","https://www.planespotters.net/airline/China-Eastern-Airlines?p=6","B-8406","Airbus A321-211(WL)","C12Y170","27. May 2016","null","1.8 Years"
"1519894639-6416","https://www.planespotters.net/airline/China-Eastern-Airlines?p=4","B-8858","Airbus A320-214(WL)","C8Y150","20. Sep 2017","null","0.5 Years"
"1519894631-6269","https://www.planespotters.net/airline/China-Eastern-Airlines?p=7","B-2503","Boeing 737-7W0(WL)","C8Y126","Jun 2003","null","18.8 Years"
"1519894624-6111","https://www.planespotters.net/airline/China-Eastern-Airlines?p=10","B-7367","Boeing 777-39P(ER)","F6C52Y258","31. Oct 2016","null","1.4 Years"
"1519894639-6408","https://www.planespotters.net/airline/China-Eastern-Airlines?p=4","B-8557","Airbus A320-214(WL)","C8Y150","11. Aug 2016","null","1.7 Years"
"1519894641-6464","https://www.planespotters.net/airline/China-Eastern-Airlines?p=3","B-6801","Airbus A320-214","C8Y150","28. Sep 2011","null","6.5 Years"
"1519894636-6325","https://www.planespotters.net/airline/China-Eastern-Airlines?p=5","B-9943","Airbus A320-214(WL)","C8Y150","28. Aug 2013","null","4.6 Years"
"1519894646-6550","https://www.planespotters.net/airline/China-Eastern-Airlines?p=1","B-6465","Airbus A319-115(WL)","C8Y114","12. Dec 2014","null","3.3 Years"
"1519894641-6449","https://www.planespotters.net/airline/China-Eastern-Airlines?p=3","B-6693","Airbus A320-232","C8Y150","08. Jul 2010","null","7.7 Years"
"1519894641-6459","https://www.planespotters.net/airline/China-Eastern-Airlines?p=3","B-6760","Airbus A320-214","C8Y150","24. Jun 2011","null","6.7 Years"
"1519894629-6187","https://www.planespotters.net/airline/China-Eastern-Airlines?p=8","B-5282","Boeing 737-79P(WL)","C8Y126","16. Nov 2011","null","6.3 Years"
"1519894646-6540","https://www.planespotters.net/airline/China-Eastern-Airlines?p=1","B-6450","Airbus A319-133(WL)","C8Y114","25. Oct 2013","null","4.4 Years"
"1519894641-6472","https://www.planespotters.net/airline/China-Eastern-Airlines?p=3","B-6870","Airbus A320-214","C8Y150","19. Jan 2012","null","6.2 Years"
"1519894639-6412","https://www.planespotters.net/airline/China-Eastern-Airlines?p=4","B-8566","Airbus A320-214(WL)","C8Y150","25. Apr 2017","null","1.0 Years"
"1519894646-6559","https://www.planespotters.net/airline/China-Eastern-Airlines?p=1","B-8379","Airbus A319-115(WL)","C8Y114","26. Feb 2016","null","2.1 Years"
"1519894629-6213","https://www.planespotters.net/airline/China-Eastern-Airlines?p=8","B-1421","Boeing 737-89P(WL)","","18. Aug 2017","null","0.6 Years"
"1519894624-6095","https://www.planespotters.net/airline/China-Eastern-Airlines?p=10","B-7966","Boeing 737-89P(WL)","","28. Jun 2016","null","1.7 Years"
"1519894641-6461","https://www.planespotters.net/airline/China-Eastern-Airlines?p=3","B-6797","Airbus A320-214","C8Y150","16. Aug 2011","null","6.6 Years"
"1519894624-6109","https://www.planespotters.net/airline/China-Eastern-Airlines?p=10","B-7349","Boeing 777-39P(ER)","F6C52Y258","30. Jun 2016","null","1.7 Years"
"1519894629-6177","https://www.planespotters.net/airline/China-Eastern-Airlines?p=8","B-5256","Boeing 737-79P(WL)","C8Y126","30. Jun 2009","null","8.7 Years"
"1519894636-6339","https://www.planespotters.net/airline/China-Eastern-Airlines?p=5","B-1679","Airbus A321-231(WL)","C12Y170","02. Jun 2015","null","2.8 Years"
"1519894641-6433","https://www.planespotters.net/airline/China-Eastern-Airlines?p=3","B-6560","Airbus A320-232","C8Y150","17. Jun 2009","null","8.8 Years"
"1519894641-6427","https://www.planespotters.net/airline/China-Eastern-Airlines?p=3","B-6373","Airbus A320-232","C8Y150","24. Oct 2008","null","9.4 Years"
"1519894639-6395","https://www.planespotters.net/airline/China-Eastern-Airlines?p=4","B-8229","Airbus A320-214(WL)","C8Y150","17. Sep 2015","null","2.5 Years"
"1519894629-6182","https://www.planespotters.net/airline/China-Eastern-Airlines?p=8","B-5265","Boeing 737-79P(WL)","C8Y126","15. Apr 2010","null","7.9 Years"
"1519894631-6270","https://www.planespotters.net/airline/China-Eastern-Airlines?p=7","B-2639","Boeing 737-7W0(WL)","C8Y126","Aug 2003","null","19.4 Years"
"1519894644-6507","https://www.planespotters.net/airline/China-Eastern-Airlines?p=2","B-2411","Airbus A320-214","C8Y150","07. Jun 2005","null","12.8 Years"
"1519894629-6179","https://www.planespotters.net/airline/China-Eastern-Airlines?p=8","B-5258","Boeing 737-79P(WL)","C8Y126","28. Aug 2009","null","8.5 Years"
"1519894644-6515","https://www.planespotters.net/airline/China-Eastern-Airlines?p=2","B-6006","Airbus A320-214","C8Y150","28. Oct 2003","null","14.7 Years"
"1519894626-6135","https://www.planespotters.net/airline/China-Eastern-Airlines?p=9","B-1961","Boeing 737-89P(WL)","C8Y159","11. Mar 2014","null","4.0 Years"
"1519894629-6218","https://www.planespotters.net/airline/China-Eastern-Airlines?p=8","B-1535","Boeing 737-89P(WL)","C12Y150","09. Nov 2016","null","1.3 Years"
"1519894636-6369","https://www.planespotters.net/airline/China-Eastern-Airlines?p=5","B-6923","Airbus A321-231","C12Y166","20. Jun 2012","null","5.7 Years"
"1519894626-6120","https://www.planespotters.net/airline/China-Eastern-Airlines?p=9","B-1703","Boeing 737-89P(WL)","C8Y159","16. Sep 2014","null","3.5 Years"
"1519894626-6156","https://www.planespotters.net/airline/China-Eastern-Airlines?p=9","B-5756","Boeing 737-89P(WL)","C8Y159","28. Mar 2013","null","5.0 Years"
"1519894641-6436","https://www.planespotters.net/airline/China-Eastern-Airlines?p=3","B-6587","Airbus A320-232","C8Y150","16. Sep 2009","null","8.5 Years"
"1519894646-6533","https://www.planespotters.net/airline/China-Eastern-Airlines?p=1","B-6428","Airbus A319-115","C8Y114","24. Oct 2012","null","5.4 Years"
"1519894626-6126","https://www.planespotters.net/airline/China-Eastern-Airlines?p=9","B-1788","Boeing 737-89P(WL)","C8Y159","13. Feb 2015","null","3.1 Years"
"1519894646-6543","https://www.planespotters.net/airline/China-Eastern-Airlines?p=1","B-6457","Airbus A319-132(WL)","C8Y114","27. Jan 2014","null","4.1 Years"
"1519894631-6257","https://www.planespotters.net/airline/China-Eastern-Airlines?p=7","B-8862","Airbus A330-343","C32W32Y230","30. Aug 2017","null","0.7 Years"
"1519894641-6428","https://www.planespotters.net/airline/China-Eastern-Airlines?p=3","B-6375","Airbus A320-232","C8Y150","13. Nov 2008","null","9.4 Years"
"1519894646-6534","https://www.planespotters.net/airline/China-Eastern-Airlines?p=1","B-6429","Airbus A319-115","C8Y114","30. Oct 2012","null","5.4 Years"
"1519894639-6413","https://www.planespotters.net/airline/China-Eastern-Airlines?p=4","B-8855","Airbus A320-214(WL)","C8Y150","19. Jun 2017","null","0.7 Years"
"1519894631-6225","https://www.planespotters.net/airline/China-Eastern-Airlines?p=7","B-5961","Airbus A330-243","C30Y204","30. Oct 2014","null","3.4 Years"
"1519894624-6080","https://www.planespotters.net/airline/China-Eastern-Airlines?p=10","B-6249","Boeing 737-89P(WL)","","07. Dec 2015","null","2.3 Years"
"1519894634-6298","https://www.planespotters.net/airline/China-Eastern-Airlines?p=6","B-8652","Airbus A321-211(WL)","C12Y170","29. Dec 2016","null","1.2 Years"
"1519894639-6423","https://www.planespotters.net/airline/China-Eastern-Airlines?p=4","B-9921","Airbus A320-232(WL)","C8Y150","17. May 2013","null","4.8 Years"
"1519894631-6223","https://www.planespotters.net/airline/China-Eastern-Airlines?p=7","B-5949","Airbus A330-243","C30Y204","25. Jun 2014","null","3.8 Years"
"1519894631-6246","https://www.planespotters.net/airline/China-Eastern-Airlines?p=7","B-6085","Airbus A330-343","C38Y262","11. Jun 2007","null","10.9 Years"
"1519894629-6200","https://www.planespotters.net/airline/China-Eastern-Airlines?p=8","B-5828","Boeing 737-79P(WL)","C8Y126","06. Mar 2015","null","3.0 Years"
"1519894634-6306","https://www.planespotters.net/airline/China-Eastern-Airlines?p=6","B-9903","Airbus A321-231(WL)","C12Y170","26. Feb 2013","null","5.1 Years"
"1519894634-6304","https://www.planespotters.net/airline/China-Eastern-Airlines?p=6","B-8978","Airbus A321-211(WL)","C12Y170","21. Apr 2017","null","0.9 Years"
"1519894634-6286","https://www.planespotters.net/airline/China-Eastern-Airlines?p=6","B-8568","Airbus A321-211(WL)","C12Y170","22. Sep 2017","null","0.5 Years"
"1519894626-6134","https://www.planespotters.net/airline/China-Eastern-Airlines?p=9","B-1933","Boeing 737-89P(WL)","C8Y159","09. May 2014","null","3.9 Years"
"1519894644-6516","https://www.planespotters.net/airline/China-Eastern-Airlines?p=2","B-6007","Airbus A320-214","C8Y150","27. Aug 2003","null","14.7 Years"
"1519894636-6327","https://www.planespotters.net/airline/China-Eastern-Airlines?p=5","B-9946","Airbus A320-214(WL)","C8Y150","06. Aug 2013","null","4.6 Years"
"1519894629-6195","https://www.planespotters.net/airline/China-Eastern-Airlines?p=8","B-5817","Boeing 737-79P(WL)","C8Y126","27. Oct 2014","null","3.4 Years"
"1519894644-6523","https://www.planespotters.net/airline/China-Eastern-Airlines?p=2","B-6333","Airbus A320-214","C8Y150","05. Jul 2007","null","10.7 Years"
"1519894644-6477","https://www.planespotters.net/airline/China-Eastern-Airlines?p=2","B-1815","Airbus A320-232(WL)","C8Y150","05. Mar 2014","null","4.0 Years"
"1519894646-6572","https://www.planespotters.net/airline/China-Eastern-Airlines?p=1","B-1612","Airbus A320-214(WL)","C8Y150","03. Nov 2014","null","3.4 Years"
"1519894626-6138","https://www.planespotters.net/airline/China-Eastern-Airlines?p=9","B-5199","Boeing 737-89P(WL)","C8Y159","16. Jan 2009","null","9.2 Years"
"1519894629-6214","https://www.planespotters.net/airline/China-Eastern-Airlines?p=8","B-1422","Boeing 737-89P(WL)","","13. Mar 2017","null","1.0 Years"
"1519894641-6450","https://www.planespotters.net/airline/China-Eastern-Airlines?p=3","B-6695","Airbus A320-232","C8Y150","27. Aug 2010","null","7.5 Years"
"1519894629-6184","https://www.planespotters.net/airline/China-Eastern-Airlines?p=8","B-5270","Boeing 737-79P(WL)","C8Y126","22. Jul 2010","null","7.7 Years"
"1519894636-6362","https://www.planespotters.net/airline/China-Eastern-Airlines?p=5","B-6592","Airbus A321-231","C12Y166","19. Mar 2010","null","8.4 Years"
"1519894626-6119","https://www.planespotters.net/airline/China-Eastern-Airlines?p=9","B-1702","Boeing 737-89P(WL)","C8Y159","10. Sep 2014","null","3.5 Years"
"1519894644-6481","https://www.planespotters.net/airline/China-Eastern-Airlines?p=2","B-1860","Airbus A320-214(WL)","C8Y150","19. Aug 2014","null","3.6 Years"
"1519894636-6331","https://www.planespotters.net/airline/China-Eastern-Airlines?p=5","B-9973","Airbus A320-232(WL)","C8Y150","11. Nov 2013","null","4.3 Years"
"1519894644-6496","https://www.planespotters.net/airline/China-Eastern-Airlines?p=2","B-2336","Airbus A320-214","C8Y150","16. Nov 2000","null","17.4 Years"
"1519894626-6139","https://www.planespotters.net/airline/China-Eastern-Airlines?p=9","B-5472","Boeing 737-89P(WL)","C8Y159","31. Aug 2009","null","8.6 Years"
"1519894636-6353","https://www.planespotters.net/airline/China-Eastern-Airlines?p=5","B-6330","Airbus A321-211","C20Y155","10. Sep 2007","null","10.5 Years"
"1519894629-6175","https://www.planespotters.net/airline/China-Eastern-Airlines?p=8","B-5245","Boeing 737-79P(WL)","C8Y126","20. Aug 2008","null","9.6 Years"
"1519894636-6360","https://www.planespotters.net/airline/China-Eastern-Airlines?p=5","B-6369","Airbus A321-211","C20Y155","23. Oct 2008","null","9.4 Years"
"1519894634-6272","https://www.planespotters.net/airline/China-Eastern-Airlines?p=6","B-8165","Airbus A321-231(WL)","C12Y170","18. Nov 2015","null","2.3 Years"
"1519894629-6206","https://www.planespotters.net/airline/China-Eastern-Airlines?p=8","B-1309","Boeing 737-89P(WL)","","13. Oct 2017","null","0.4 Years"
"1519894631-6244","https://www.planespotters.net/airline/China-Eastern-Airlines?p=7","B-5976","Airbus A330-343","C38Y262","19. Jun 2015","null","2.7 Years"
"1519894634-6308","https://www.planespotters.net/airline/China-Eastern-Airlines?p=6","B-9906","Airbus A321-231(WL)","C12Y170","22. Apr 2013","null","4.9 Years"
"1519894646-6531","https://www.planespotters.net/airline/China-Eastern-Airlines?p=1","B-6423","Airbus A319-115","C8Y114","26. Oct 2012","null","5.4 Years"
"1519894646-6555","https://www.planespotters.net/airline/China-Eastern-Airlines?p=1","B-6472","Airbus A319-132(WL)","C8Y114","20. Jan 2015","null","3.2 Years"
"1519894634-6321","https://www.planespotters.net/airline/China-Eastern-Airlines?p=6","B-5938","Airbus A330-243","C30Y204","09. Dec 2013","null","4.3 Years"
"1519894646-6564","https://www.planespotters.net/airline/China-Eastern-Airlines?p=1","B-1029","Airbus A320-214(WL)","C8Y150","24. Nov 2017","null","0.3 Years"
"1519894646-6553","https://www.planespotters.net/airline/China-Eastern-Airlines?p=1","B-6470","Airbus A319-115(WL)","C8Y114","21. Jan 2015","null","3.2 Years"
"1519894639-6390","https://www.planespotters.net/airline/China-Eastern-Airlines?p=4","B-8111","Airbus A320-232(WL)","C8Y150","13. Oct 2015","null","2.4 Years"
"1519894639-6385","https://www.planespotters.net/airline/China-Eastern-Airlines?p=4","B-6929","Airbus A320-232","C8Y150","05. Jun 2012","null","5.8 Years"
"1519894629-6208","https://www.planespotters.net/airline/China-Eastern-Airlines?p=8","B-1317","Boeing 737-89P(WL)","","07. Aug 2017","null","0.6 Years"
"1519894646-6565","https://www.planespotters.net/airline/China-Eastern-Airlines?p=1","B-1035","Airbus A320-214(WL)","C8Y150","19. Dec 2017","null","0.3 Years"
"1519894624-6096","https://www.planespotters.net/airline/China-Eastern-Airlines?p=10","B-","Boeing 737-89P(WL)","","(On Order)","null","0.2 Years"
"1519894626-6153","https://www.planespotters.net/airline/China-Eastern-Airlines?p=9","B-5689","Boeing 737-89P(WL)","C8Y159","05. Nov 2014","null","3.3 Years"
"1519894626-6125","https://www.planespotters.net/airline/China-Eastern-Airlines?p=9","B-1775","Boeing 737-89P(WL)","","26. Jun 2015","null","2.7 Years"
"1519894634-6313","https://www.planespotters.net/airline/China-Eastern-Airlines?p=6","B-5903","Airbus A330-243","C30Y204","23. Jul 2012","null","5.7 Years"
"1519894636-6336","https://www.planespotters.net/airline/China-Eastern-Airlines?p=5","B-","Airbus A320-251N","","(On Order)","null",""
"1519894641-6432","https://www.planespotters.net/airline/China-Eastern-Airlines?p=3","B-6559","Airbus A320-232","C8Y150","18. May 2009","null","8.8 Years"
"1519894636-6364","https://www.planespotters.net/airline/China-Eastern-Airlines?p=5","B-6643","Airbus A321-231","C12Y166","11. Aug 2010","null","8.0 Years"
"1519894631-6238","https://www.planespotters.net/airline/China-Eastern-Airlines?p=7","B-8226","Airbus A330-243","C30Y204","30. Sep 2015","null","2.5 Years"
"1519894626-6132","https://www.planespotters.net/airline/China-Eastern-Airlines?p=9","B-1908","Boeing 737-89P(WL)","C8Y159","24. Oct 2013","null","4.4 Years"
"1519894644-6480","https://www.planespotters.net/airline/China-Eastern-Airlines?p=2","B-1859","Airbus A320-232(WL)","C8Y150","01. Aug 2014","null","3.6 Years"
"1519894624-6113","https://www.planespotters.net/airline/China-Eastern-Airlines?p=10","B-7369","Boeing 777-39P(ER)","F6C52Y258","11. May 2016","null","1.9 Years"
"1519894631-6254","https://www.planespotters.net/airline/China-Eastern-Airlines?p=7","B-6129","Airbus A330-343","C38Y262","23. Oct 2006","null","11.5 Years"
"1519894629-6197","https://www.planespotters.net/airline/China-Eastern-Airlines?p=8","B-5820","Boeing 737-79P(WL)","C8Y126","14. Apr 2014","null","3.9 Years"
"1519894629-6196","https://www.planespotters.net/airline/China-Eastern-Airlines?p=8","B-5819","Boeing 737-79P(WL)","C8Y126","26. Feb 2014","null","4.0 Years"
"1519894626-6166","https://www.planespotters.net/airline/China-Eastern-Airlines?p=9","B-6017","Boeing 737-89P(WL)","","13. Jul 2015","null","2.7 Years"
"1519894644-6497","https://www.planespotters.net/airline/China-Eastern-Airlines?p=2","B-2337","Airbus A320-214","C8Y150","12. Dec 2000","null","17.3 Years"
"1519894631-6252","https://www.planespotters.net/airline/China-Eastern-Airlines?p=7","B-6126","Airbus A330-343","C38Y262","22. Sep 2006","null","11.5 Years"
"1519894626-6146","https://www.planespotters.net/airline/China-Eastern-Airlines?p=9","B-5516","Boeing 737-86N(WL)","C8Y159","16. Jun 2010","null","7.8 Years"
"1519894641-6455","https://www.planespotters.net/airline/China-Eastern-Airlines?p=3","B-6756","Airbus A320-214","C8Y150","01. Apr 2011","null","6.9 Years"
"1519894641-6460","https://www.planespotters.net/airline/China-Eastern-Airlines?p=3","B-6796","Airbus A320-214","C8Y150","12. Jul 2011","null","6.7 Years"
"1519894624-6107","https://www.planespotters.net/airline/China-Eastern-Airlines?p=10","B-7343","Boeing 777-39P(ER)","F6C52Y258","31. Mar 2016","null","2.1 Years"
"1519894634-6275","https://www.planespotters.net/airline/China-Eastern-Airlines?p=6","B-8230","Airbus A321-231(WL)","C12Y170","23. Sep 2015","null","2.5 Years"
"1519894626-6124","https://www.planespotters.net/airline/China-Eastern-Airlines?p=9","B-1773","Boeing 737-89P(WL)","","27. Apr 2015","null","2.9 Years"
"1519894639-6404","https://www.planespotters.net/airline/China-Eastern-Airlines?p=4","B-8496","Airbus A320-214(WL)","C8Y150","24. Jun 2016","null","1.7 Years"
"1519894636-6366","https://www.planespotters.net/airline/China-Eastern-Airlines?p=5","B-6753","Airbus A321-231","C12Y166","23. Mar 2011","null","7.0 Years"
"1519894624-6106","https://www.planespotters.net/airline/China-Eastern-Airlines?p=10","B-2025","Boeing 777-39P(ER)","F6C52Y258","23. Nov 2015","null","2.3 Years"
"1519894636-6370","https://www.planespotters.net/airline/China-Eastern-Airlines?p=5","B-6925","Airbus A321-231","C12Y166","28. Jun 2012","null","5.7 Years"
"1519894631-6256","https://www.planespotters.net/airline/China-Eastern-Airlines?p=7","B-6507","Airbus A330-343","C38Y262","08. Aug 2008","null","9.6 Years"
"1519894639-6394","https://www.planespotters.net/airline/China-Eastern-Airlines?p=4","B-8228","Airbus A320-232(WL)","C8Y150","10. Aug 2015","null","2.6 Years"
"1519894624-6094","https://www.planespotters.net/airline/China-Eastern-Airlines?p=10","B-7876","Boeing 737-89P(WL)","","10. Aug 2016","null","1.6 Years"
"1519894626-6144","https://www.planespotters.net/airline/China-Eastern-Airlines?p=9","B-5501","Boeing 737-86N(WL)","C8Y159","01. Apr 2010","null","8.0 Years"
"1519894641-6425","https://www.planespotters.net/airline/China-Eastern-Airlines?p=3","B-6371","Airbus A320-214","C8Y150","12. Aug 2008","null","9.6 Years"
"1519894634-6274","https://www.planespotters.net/airline/China-Eastern-Airlines?p=6","B-8172","Airbus A321-231(WL)","C12Y170","22. Dec 2015","null","2.2 Years"
"1519894631-6247","https://www.planespotters.net/airline/China-Eastern-Airlines?p=7","B-6095","Airbus A330-343","C38Y262","16. Jul 2007","null","10.7 Years"
"1519894639-6420","https://www.planespotters.net/airline/China-Eastern-Airlines?p=4","B-9900","Airbus A320-232","C8Y150","28. Jan 2013","null","5.1 Years"
"1519894634-6293","https://www.planespotters.net/airline/China-Eastern-Airlines?p=6","B-8576","Airbus A321-211(WL)","C12Y170","30. Sep 2016","null","1.4 Years"
"1519894644-6513","https://www.planespotters.net/airline/China-Eastern-Airlines?p=2","B-6003","Airbus A320-214","C8Y150","23. Oct 2003","null","14.8 Years"
"1519894636-6334","https://www.planespotters.net/airline/China-Eastern-Airlines?p=5","B-","Airbus A320-251N","","(On Order)","null",""
"1519894631-6251","https://www.planespotters.net/airline/China-Eastern-Airlines?p=7","B-6125","Airbus A330-343","C38Y262","28. Jul 2006","null","11.7 Years"
"1519894641-6468","https://www.planespotters.net/airline/China-Eastern-Airlines?p=3","B-6829","Airbus A320-214","C8Y150","10. Nov 2011","null","6.4 Years"
"1519894624-6114","https://www.planespotters.net/airline/China-Eastern-Airlines?p=10","B-7868","Boeing 777-39P(ER)","F6C52Y258","27. Apr 2017","null","0.9 Years"
"1519894644-6504","https://www.planespotters.net/airline/China-Eastern-Airlines?p=2","B-2375","Airbus A320-214","C8Y150","06. Dec 2003","null","19.4 Years"
"1519894639-6401","https://www.planespotters.net/airline/China-Eastern-Airlines?p=4","B-8392","Airbus A320-214(WL)","C8Y150","22. Apr 2016","null","1.9 Years"
"1519894644-6501","https://www.planespotters.net/airline/China-Eastern-Airlines?p=2","B-2358","Airbus A320-214","C8Y150","29. Jan 2004","null","19.8 Years"
"1519894634-6273","https://www.planespotters.net/airline/China-Eastern-Airlines?p=6","B-8167","Airbus A321-211(WL)","C12Y170","19. Nov 2015","null","2.3 Years"
"1519894634-6312","https://www.planespotters.net/airline/China-Eastern-Airlines?p=6","B-5902","Airbus A330-243","C30Y204","26. Jun 2012","null","5.7 Years"
"1519894641-6458","https://www.planespotters.net/airline/China-Eastern-Airlines?p=3","B-6759","Airbus A320-214","C8Y150","31. May 2011","null","6.8 Years"
"1519894624-6101","https://www.planespotters.net/airline/China-Eastern-Airlines?p=10","B-2005","Boeing 777-39P(ER)","F6C52Y258","16. Dec 2014","null","3.3 Years"
"1519894634-6288","https://www.planespotters.net/airline/China-Eastern-Airlines?p=6","B-8570","Airbus A321-211(WL)","C12Y170","19. Jul 2016","null","1.7 Years"
"1519894624-6112","https://www.planespotters.net/airline/China-Eastern-Airlines?p=10","B-7368","Boeing 777-39P(ER)","F6C52Y258","23. May 2016","null","1.8 Years"
"1519894641-6466","https://www.planespotters.net/airline/China-Eastern-Airlines?p=3","B-6803","Airbus A320-214","C8Y150","24. Oct 2011","null","6.4 Years"
"1519894646-6535","https://www.planespotters.net/airline/China-Eastern-Airlines?p=1","B-6430","Airbus A319-133","C8Y114","04. Dec 2012","null","5.3 Years"
"1519894646-6526","https://www.planespotters.net/airline/China-Eastern-Airlines?p=1","B-6167","Airbus A319-115","C8Y114","21. Jun 2007","null","10.7 Years"
"1519894634-6285","https://www.planespotters.net/airline/China-Eastern-Airlines?p=6","B-8567","Airbus A321-211(WL)","C12Y170","07. Jul 2017","null","0.7 Years"
"1519894624-6089","https://www.planespotters.net/airline/China-Eastern-Airlines?p=10","B-7591","Boeing 737-89P(WL)","","13. Apr 2016","null","1.9 Years"
"1519894636-6368","https://www.planespotters.net/airline/China-Eastern-Airlines?p=5","B-6886","Airbus A321-231","C12Y170","14. Dec 2012","null","5.3 Years"
"1519894629-6202","https://www.planespotters.net/airline/China-Eastern-Airlines?p=8","B-6142","Boeing 737-79P(WL)","C8Y126","21. Oct 2015","null","2.4 Years"
"1519894644-6522","https://www.planespotters.net/airline/China-Eastern-Airlines?p=2","B-6013","Airbus A320-214","C8Y150","29. Jul 2004","null","13.7 Years"
"1519894636-6346","https://www.planespotters.net/airline/China-Eastern-Airlines?p=5","B-2289","Airbus A321-211","C20Y155","22. Oct 2004","null","13.4 Years"
"1519894646-6570","https://www.planespotters.net/airline/China-Eastern-Airlines?p=1","B-1610","Airbus A320-214(WL)","C8Y150","25. Nov 2014","null","3.3 Years"
"1519894629-6174","https://www.planespotters.net/airline/China-Eastern-Airlines?p=8","B-5243","Boeing 737-79P(WL)","C8Y126","22. Oct 2007","null","10.4 Years"
"1519894634-6311","https://www.planespotters.net/airline/China-Eastern-Airlines?p=6","B-9971","Airbus A321-231(WL)","C12Y170","15. Oct 2013","null","4.5 Years"
"1519894626-6137","https://www.planespotters.net/airline/China-Eastern-Airlines?p=9","B-1981","Boeing 737-89P(WL)","C8Y159","18. Aug 2014","null","3.6 Years"
"1519894626-6152","https://www.planespotters.net/airline/China-Eastern-Airlines?p=9","B-5683","Boeing 737-86N(WL)","C8Y159","09. Jul 2012","null","5.7 Years"
"1519894646-6537","https://www.planespotters.net/airline/China-Eastern-Airlines?p=1","B-6432","Airbus A319-115","C8Y114","19. Dec 2012","null","5.2 Years"
"1519894641-6469","https://www.planespotters.net/airline/China-Eastern-Airlines?p=3","B-6830","Airbus A320-214","C8Y150","18. Nov 2011","null","6.3 Years"
"1519894644-6492","https://www.planespotters.net/airline/China-Eastern-Airlines?p=2","B-2228","Airbus A320-214","C8Y150","10. Jan 2003","null","15.3 Years"
"1519894639-6409","https://www.planespotters.net/airline/China-Eastern-Airlines?p=4","B-8558","Airbus A320-214(WL)","C8Y150","06. Sep 2016","null","1.5 Years"
"1519894639-6419","https://www.planespotters.net/airline/China-Eastern-Airlines?p=4","B-8975","Airbus A320-214(WL)","C8Y150","12. Apr 2017","null","0.9 Years"
"1519894626-6159","https://www.planespotters.net/airline/China-Eastern-Airlines?p=9","B-5795","Boeing 737-89P(WL)","C8Y159","29. Aug 2013","null","4.5 Years"
"1519894646-6576","https://www.planespotters.net/airline/China-Eastern-Airlines?p=1","B-1641","Airbus A320-232(WL)","C8Y150","03. Feb 2015","null","3.1 Years"
"1519894626-6154","https://www.planespotters.net/airline/China-Eastern-Airlines?p=9","B-5701","Boeing 737-89P(WL)","C8Y159","15. Oct 2012","null","5.5 Years"
"1519894631-6227","https://www.planespotters.net/airline/China-Eastern-Airlines?p=7","B-5968","Airbus A330-243","C30Y204","17. Feb 2015","null","3.1 Years"
"1519894646-6574","https://www.planespotters.net/airline/China-Eastern-Airlines?p=1","B-1635","Airbus A320-214(WL)","C8Y150","19. Dec 2014","null","3.3 Years"
"1519894636-6328","https://www.planespotters.net/airline/China-Eastern-Airlines?p=5","B-9950","Airbus A320-214(WL)","C8Y150","15. Jul 2013","null","4.7 Years"
"1519894631-6231","https://www.planespotters.net/airline/China-Eastern-Airlines?p=7","B-6099","Airbus A330-243","C24Y242","03. Apr 2008","null","10.0 Years"
"1519894646-6545","https://www.planespotters.net/airline/China-Eastern-Airlines?p=1","B-6459","Airbus A319-115(WL)","C8Y114","12. Aug 2014","null","3.6 Years"
"1519894644-6478","https://www.planespotters.net/airline/China-Eastern-Airlines?p=2","B-1835","Airbus A320-232(WL)","C8Y150","29. Apr 2014","null","3.9 Years"
"1519894636-6365","https://www.planespotters.net/airline/China-Eastern-Airlines?p=5","B-6668","Airbus A321-231","C12Y166","20. Jul 2010","null","7.7 Years"
"1519894624-6108","https://www.planespotters.net/airline/China-Eastern-Airlines?p=10","B-7347","Boeing 777-39P(ER)","F6C52Y258","21. Apr 2016","null","2.0 Years"
"1519894636-6354","https://www.planespotters.net/airline/China-Eastern-Airlines?p=5","B-6331","Airbus A321-211","C20Y155","17. Sep 2007","null","10.5 Years"
"1519894644-6488","https://www.planespotters.net/airline/China-Eastern-Airlines?p=2","B-2209","Airbus A320-214","C8Y150","06. Jul 1999","null","18.8 Years"
"1519894646-6548","https://www.planespotters.net/airline/China-Eastern-Airlines?p=1","B-6462","Airbus A319-132(WL)","C8Y114","17. Jul 2014","null","3.6 Years"
"1519894639-6389","https://www.planespotters.net/airline/China-Eastern-Airlines?p=4","B-8018","Airbus A320-232(WL)","C8Y150","25. Sep 2015","null","2.5 Years"
"1519894631-6224","https://www.planespotters.net/airline/China-Eastern-Airlines?p=7","B-5952","Airbus A330-243","C30Y204","22. Jul 2014","null","3.7 Years"
"1519894639-6386","https://www.planespotters.net/airline/China-Eastern-Airlines?p=4","B-6930","Airbus A320-232","C8Y150","09. Aug 2012","null","5.6 Years"
"1519894646-6554","https://www.planespotters.net/airline/China-Eastern-Airlines?p=1","B-6471","Airbus A319-115(WL)","C8Y114","16. Apr 2015","null","2.9 Years"
"1519894624-6116","https://www.planespotters.net/airline/China-Eastern-Airlines?p=10","B-7882","Boeing 777-39P(ER)","F6C52Y258","21. Jul 2017","null","0.6 Years"
"1519894634-6271","https://www.planespotters.net/airline/China-Eastern-Airlines?p=6","B-8163","Airbus A321-211(WL)","C12Y170","20. Oct 2015","null","2.4 Years"
"1519894636-6342","https://www.planespotters.net/airline/China-Eastern-Airlines?p=5","B-1813","Airbus A321-231(WL)","C12Y170","09. May 2014","null","3.9 Years"
"1519894641-6462","https://www.planespotters.net/airline/China-Eastern-Airlines?p=3","B-6798","Airbus A320-214","C8Y150","23. Aug 2011","null","6.6 Years"
"1519894639-6422","https://www.planespotters.net/airline/China-Eastern-Airlines?p=4","B-9902","Airbus A320-232","C8Y150","19. Mar 2013","null","5.0 Years"
"1519894634-6303","https://www.planespotters.net/airline/China-Eastern-Airlines?p=6","B-8977","Airbus A321-211(WL)","C12Y170","14. Mar 2017","null","1.0 Years"
"1519894634-6284","https://www.planespotters.net/airline/China-Eastern-Airlines?p=6","B-8562","Airbus A321-211(WL)","C12Y170","11. Apr 2017","null","0.9 Years"
"1519894646-6536","https://www.planespotters.net/airline/China-Eastern-Airlines?p=1","B-6431","Airbus A319-115","C8Y114","19. Nov 2012","null","5.3 Years"
"1519894639-6410","https://www.planespotters.net/airline/China-Eastern-Airlines?p=4","B-8563","Airbus A320-214(WL)","C8Y150","09. Jun 2017","null","0.8 Years"
"1519894641-6456","https://www.planespotters.net/airline/China-Eastern-Airlines?p=3","B-6757","Airbus A320-214","C8Y150","23. May 2011","null","6.8 Years"
"1519894624-6102","https://www.planespotters.net/airline/China-Eastern-Airlines?p=10","B-2020","Boeing 777-39P(ER)","F6C52Y258","23. Mar 2015","null","3.0 Years"
"1519894639-6393","https://www.planespotters.net/airline/China-Eastern-Airlines?p=4","B-8227","Airbus A320-214(WL)","C8Y150","13. Jul 2015","null","2.7 Years"
"1519894646-6539","https://www.planespotters.net/airline/China-Eastern-Airlines?p=1","B-6446","Airbus A319-133(WL)","C8Y114","16. Aug 2013","null","4.6 Years"
"1519894629-6207","https://www.planespotters.net/airline/China-Eastern-Airlines?p=8","B-1316","Boeing 737-89P(WL)","","27. Jul 2017","null","0.6 Years"
"1519894629-6216","https://www.planespotters.net/airline/China-Eastern-Airlines?p=8","B-1513","Boeing 737-89P(WL)","","04. Sep 2015","null","2.5 Years"
"1519894631-6245","https://www.planespotters.net/airline/China-Eastern-Airlines?p=7","B-6083","Airbus A330-343","C38Y262","16. Apr 2007","null","11.0 Years"
"1519894626-6150","https://www.planespotters.net/airline/China-Eastern-Airlines?p=9","B-5589","Boeing 737-89P(WL)","C8Y159","16. Jul 2012","null","5.7 Years"
"1519894629-6171","https://www.planespotters.net/airline/China-Eastern-Airlines?p=8","B-5225","Boeing 737-79P(WL)","C8Y126","25. Jul 2006","null","11.6 Years"
"1519894636-6338","https://www.planespotters.net/airline/China-Eastern-Airlines?p=5","B-1640","Airbus A321-231(WL)","C12Y170","04. Mar 2015","null","3.1 Years"
"1519894629-6215","https://www.planespotters.net/airline/China-Eastern-Airlines?p=8","B-1449","Boeing 737-89P(WL)","","21. Sep 2017","null","0.5 Years"
"1519894629-6194","https://www.planespotters.net/airline/China-Eastern-Airlines?p=8","B-5816","Boeing 737-79P(WL)","C8Y126","10. Jul 2014","null","3.7 Years"
"1519894644-6506","https://www.planespotters.net/airline/China-Eastern-Airlines?p=2","B-2410","Airbus A320-214","C8Y150","23. May 2005","null","12.9 Years"
"1519894626-6133","https://www.planespotters.net/airline/China-Eastern-Airlines?p=9","B-1910","Boeing 737-89P(WL)","C8Y162","07. Nov 2013","null","4.3 Years"
"1519894644-6518","https://www.planespotters.net/airline/China-Eastern-Airlines?p=2","B-6009","Airbus A320-214","C8Y150","10. Jun 2004","null","13.8 Years"
"1519894644-6525","https://www.planespotters.net/airline/China-Eastern-Airlines?p=2","B-6346","Airbus A320-232","C8Y150","07. May 2008","null","9.9 Years"
"1519894639-6373","https://www.planespotters.net/airline/China-Eastern-Airlines?p=4","B-6873","Airbus A320-214","C8Y150","28. Mar 2012","null","6.0 Years"
"1519894646-6552","https://www.planespotters.net/airline/China-Eastern-Airlines?p=1","B-6469","Airbus A319-115(WL)","C8Y114","03. Mar 2015","null","3.0 Years"
"1519894639-6388","https://www.planespotters.net/airline/China-Eastern-Airlines?p=4","B-6951","Airbus A320-232","C8Y150","20. Nov 2012","null","5.4 Years"
"1519894626-6167","https://www.planespotters.net/airline/China-Eastern-Airlines?p=9","B-6143","Boeing 737-89P(WL)","","11. Aug 2015","null","2.6 Years"
"1519894644-6514","https://www.planespotters.net/airline/China-Eastern-Airlines?p=2","B-6005","Airbus A320-214","C8Y150","17. Nov 2003","null","14.8 Years"
"1519894641-6429","https://www.planespotters.net/airline/China-Eastern-Airlines?p=3","B-6376","Airbus A320-232","C8Y150","18. Nov 2008","null","9.3 Years"
"1519894639-6403","https://www.planespotters.net/airline/China-Eastern-Airlines?p=4","B-8395","Airbus A320-214(WL)","C8Y150","12. May 2016","null","1.9 Years"
"1519894629-6176","https://www.planespotters.net/airline/China-Eastern-Airlines?p=8","B-5255","Boeing 737-79P(WL)","C8Y126","21. May 2009","null","8.8 Years"
"1519894636-6352","https://www.planespotters.net/airline/China-Eastern-Airlines?p=5","B-6329","Airbus A321-211","C20Y155","28. Aug 2007","null","10.5 Years"
"1519894639-6387","https://www.planespotters.net/airline/China-Eastern-Airlines?p=4","B-6950","Airbus A320-232","C8Y150","18. Oct 2012","null","5.4 Years"
"1519894631-6267","https://www.planespotters.net/airline/China-Eastern-Airlines?p=7","B-1385","Boeing 737-8 MAX","","27. Dec 2017","null","0.2 Years"
"1519894641-6447","https://www.planespotters.net/airline/China-Eastern-Airlines?p=3","B-6672","Airbus A320-232","C8Y150","09. Jun 2010","null","7.8 Years"
"1519894636-6330","https://www.planespotters.net/airline/China-Eastern-Airlines?p=5","B-9972","Airbus A320-232(WL)","C8Y150","21. Oct 2013","null","4.4 Years"
"1519894629-6192","https://www.planespotters.net/airline/China-Eastern-Airlines?p=8","B-5809","Boeing 737-79P(WL)","C8Y126","07. Nov 2013","null","4.4 Years"
"1519894644-6505","https://www.planespotters.net/airline/China-Eastern-Airlines?p=2","B-2378","Airbus A320-214","C8Y150","03. Jan 2004","null","19.2 Years"
"1519894639-6415","https://www.planespotters.net/airline/China-Eastern-Airlines?p=4","B-8857","Airbus A320-214(WL)","C8Y150","18. Aug 2017","null","0.6 Years"
"1519894629-6189","https://www.planespotters.net/airline/China-Eastern-Airlines?p=8","B-5295","Boeing 737-79P(WL)","C8Y126","29. Nov 2012","null","5.3 Years"
"1519894626-6128","https://www.planespotters.net/airline/China-Eastern-Airlines?p=9","B-1790","Boeing 737-89P(WL)","","13. May 2015","null","2.8 Years"
"1519894636-6371","https://www.planespotters.net/airline/China-Eastern-Airlines?p=5","B-6926","Airbus A321-231","C12Y166","22. Aug 2012","null","5.5 Years"
"1519894629-6191","https://www.planespotters.net/airline/China-Eastern-Airlines?p=8","B-5807","Boeing 737-79P(WL)","C8Y126","20. Aug 2013","null","4.6 Years"
"1519894646-6527","https://www.planespotters.net/airline/China-Eastern-Airlines?p=1","B-6172","Airbus A319-115","C8Y114","05. Jul 2007","null","10.7 Years"
"1519894634-6314","https://www.planespotters.net/airline/China-Eastern-Airlines?p=6","B-5908","Airbus A330-243","C30Y204","20. Dec 2012","null","5.3 Years"
"1519894639-6402","https://www.planespotters.net/airline/China-Eastern-Airlines?p=4","B-8393","Airbus A320-214(WL)","C8Y150","21. May 2016","null","1.8 Years"
"1519894626-6163","https://www.planespotters.net/airline/China-Eastern-Airlines?p=9","B-5840","Boeing 737-89P(WL)","C8Y159","06. Jun 2016","null","4.8 Years"
"1519894629-6170","https://www.planespotters.net/airline/China-Eastern-Airlines?p=8","B-2682","Boeing 737-79P","C8Y126","16. Oct 2002","null","15.5 Years"
"1519894629-6181","https://www.planespotters.net/airline/China-Eastern-Airlines?p=8","B-5263","Boeing 737-79P(WL)","C8Y126","10. Nov 2009","null","8.4 Years"
"1519894636-6359","https://www.planespotters.net/airline/China-Eastern-Airlines?p=5","B-6368","Airbus A321-211","C20Y155","18. Sep 2008","null","9.5 Years"
"1519894641-6453","https://www.planespotters.net/airline/China-Eastern-Airlines?p=3","B-6715","Airbus A320-232","C8Y150","22. Oct 2010","null","7.4 Years"
"1519894634-6279","https://www.planespotters.net/airline/China-Eastern-Airlines?p=6","B-8398","Airbus A321-211(WL)","C12Y170","16. Mar 2016","null","2.0 Years"
"1519894629-6186","https://www.planespotters.net/airline/China-Eastern-Airlines?p=8","B-5276","Boeing 737-79P(WL)","C8Y126","22. Aug 2011","null","6.6 Years"
"1519894636-6372","https://www.planespotters.net/airline/China-Eastern-Airlines?p=5","B-6927","Airbus A321-231","C12Y170","31. Oct 2012","null","5.4 Years"
"1519894639-6396","https://www.planespotters.net/airline/China-Eastern-Airlines?p=4","B-8237","Airbus A320-232(WL)","C8Y150","05. Nov 2015","null","2.4 Years"
"1519894636-6337","https://www.planespotters.net/airline/China-Eastern-Airlines?p=5","B-1615","Airbus A321-231(WL)","C12Y170","08. Dec 2014","null","3.3 Years"
"1519894634-6276","https://www.planespotters.net/airline/China-Eastern-Airlines?p=6","B-8232","Airbus A321-211(WL)","C12Y170","08. Sep 2015","null","2.5 Years"
"1519894634-6295","https://www.planespotters.net/airline/China-Eastern-Airlines?p=6","B-8649","Airbus A321-211(WL)","C12Y170","10. Nov 2016","null","1.3 Years"
"1519894629-6188","https://www.planespotters.net/airline/China-Eastern-Airlines?p=8","B-5293","Boeing 737-79P(WL)","C8Y126","07. Aug 2012","null","5.6 Years"
"1519894646-6529","https://www.planespotters.net/airline/China-Eastern-Airlines?p=1","B-6218","Airbus A319-115","C8Y114","15. May 2006","null","11.9 Years"
"1519894634-6294","https://www.planespotters.net/airline/China-Eastern-Airlines?p=6","B-8648","Airbus A321-211(WL)","C12Y170","28. Oct 2016","null","1.4 Years"
"1519894626-6160","https://www.planespotters.net/airline/China-Eastern-Airlines?p=9","B-5796","Boeing 737-89P(WL)","C8Y159","09. Sep 2013","null","4.5 Years"
"1519894634-6307","https://www.planespotters.net/airline/China-Eastern-Airlines?p=6","B-9905","Airbus A321-231(WL)","C12Y170","15. Apr 2013","null","4.9 Years"
"1519894644-6486","https://www.planespotters.net/airline/China-Eastern-Airlines?p=2","B-2207","Airbus A320-214","C8Y150","06. Jul 1999","null","18.8 Years"
"1519894639-6375","https://www.planespotters.net/airline/China-Eastern-Airlines?p=4","B-6876","Airbus A320-232","C8Y150","07. May 2012","null","5.9 Years"
"1519894631-6239","https://www.planespotters.net/airline/China-Eastern-Airlines?p=7","B-8231","Airbus A330-243","C30Y204","17. Sep 2015","null","2.6 Years"
"1519894624-6081","https://www.planespotters.net/airline/China-Eastern-Airlines?p=10","B-7031","Boeing 737-89P(WL)","","29. Oct 2015","null","2.4 Years"
"1519894644-6484","https://www.planespotters.net/airline/China-Eastern-Airlines?p=2","B-1863","Airbus A320-232(WL)","C8Y150","22. Aug 2014","null","3.6 Years"
"1519894626-6155","https://www.planespotters.net/airline/China-Eastern-Airlines?p=9","B-5731","Boeing 737-89P(WL)","C8Y159","16. Jan 2013","null","5.2 Years"
"1519894626-6161","https://www.planespotters.net/airline/China-Eastern-Airlines?p=9","B-5838","Boeing 737-89P(WL)","C8Y159","06. Jun 2016","null","4.6 Years"
"1519894641-6452","https://www.planespotters.net/airline/China-Eastern-Airlines?p=3","B-6713","Airbus A320-232","C8Y150","29. Sep 2010","null","7.5 Years"
"1519894634-6292","https://www.planespotters.net/airline/China-Eastern-Airlines?p=6","B-8575","Airbus A321-211(WL)","C12Y170","22. Sep 2016","null","1.5 Years"
"1519894644-6520","https://www.planespotters.net/airline/China-Eastern-Airlines?p=2","B-6011","Airbus A320-214","C8Y150","13. Jul 2004","null","13.8 Years"
"1519894641-6451","https://www.planespotters.net/airline/China-Eastern-Airlines?p=3","B-6696","Airbus A320-232","C8Y150","14. Sep 2010","null","7.5 Years"
"1519894624-6098","https://www.planespotters.net/airline/China-Eastern-Airlines?p=10","B-2001","Boeing 777-39P(ER)","F6C52Y258","23. Sep 2014","null","3.6 Years"
"1519894624-6079","https://www.planespotters.net/airline/China-Eastern-Airlines?p=10","B-6166","Boeing 737-89P(WL)","","09. Nov 2015","null","2.3 Years"
"1519894639-6383","https://www.planespotters.net/airline/China-Eastern-Airlines?p=4","B-6893","Airbus A320-214","C8Y150","08. May 2012","null","5.9 Years"
"1519894631-6235","https://www.planespotters.net/airline/China-Eastern-Airlines?p=7","B-6537","Airbus A330-243","C30Y204","17. Nov 2011","null","6.4 Years"
"1519894626-6147","https://www.planespotters.net/airline/China-Eastern-Airlines?p=9","B-5517","Boeing 737-89P(WL)","C8Y159","07. Jun 2010","null","7.8 Years"
"1519894624-6117","https://www.planespotters.net/airline/China-Eastern-Airlines?p=10","B-7883","Boeing 777-39P(ER)","F6C52Y258","12. Jun 2017","null","0.8 Years"
"1519894626-6141","https://www.planespotters.net/airline/China-Eastern-Airlines?p=9","B-5475","Boeing 737-89P(WL)","C8Y159","19. Oct 2009","null","8.4 Years"
"1519894631-6220","https://www.planespotters.net/airline/China-Eastern-Airlines?p=7","B-5941","Airbus A330-243","C30Y204","27. Jan 2014","null","4.2 Years"
"1519894641-6457","https://www.planespotters.net/airline/China-Eastern-Airlines?p=3","B-6758","Airbus A320-214","C8Y150","31. May 2011","null","6.8 Years"
"1519894636-6345","https://www.planespotters.net/airline/China-Eastern-Airlines?p=5","B-1858","Airbus A321-231(WL)","C12Y170","16. Oct 2014","null","3.4 Years"
"1519894626-6148","https://www.planespotters.net/airline/China-Eastern-Airlines?p=9","B-5527","Boeing 737-89P(WL)","C8Y159","31. Oct 2011
(22. Jul 2010)","null","7.6 Years"
"1519894636-6341","https://www.planespotters.net/airline/China-Eastern-Airlines?p=5","B-1812","Airbus A321-231(WL)","C12Y170","28. Feb 2014","null","4.0 Years"
"1519894631-6262","https://www.planespotters.net/airline/China-Eastern-Airlines?p=7","B-8971","Airbus A330-343","C32W32Y230","29. Jun 2017","null","0.8 Years"
"1519894626-6157","https://www.planespotters.net/airline/China-Eastern-Airlines?p=9","B-5779","Boeing 737-89P(WL)","C8Y159","23. Jun 2013","null","4.7 Years"
"1519894641-6442","https://www.planespotters.net/airline/China-Eastern-Airlines?p=3","B-6636","Airbus A320-232","C8Y150","04. Feb 2010","null","8.1 Years"
"1519894634-6316","https://www.planespotters.net/airline/China-Eastern-Airlines?p=6","B-5921","Airbus A330-243","C30Y204","26. Apr 2013","null","5.0 Years"
"1519894639-6381","https://www.planespotters.net/airline/China-Eastern-Airlines?p=4","B-6891","Airbus A320-214","C8Y150","23. Mar 2012","null","6.0 Years"
"1519894646-6575","https://www.planespotters.net/airline/China-Eastern-Airlines?p=1","B-1636","Airbus A320-232(WL)","C8Y150","30. Dec 2014","null","3.2 Years"
"1519894639-6421","https://www.planespotters.net/airline/China-Eastern-Airlines?p=4","B-9901","Airbus A320-232","C8Y150","27. Feb 2013","null","5.1 Years"
"1519894634-6282","https://www.planespotters.net/airline/China-Eastern-Airlines?p=6","B-8559","Airbus A321-211(WL)","C12Y170","28. Jun 2016","null","1.7 Years"
"1519894624-6091","https://www.planespotters.net/airline/China-Eastern-Airlines?p=10","B-7599","Boeing 737-89P(WL)","","25. Oct 2016","null","1.4 Years"
"1519894629-6212","https://www.planespotters.net/airline/China-Eastern-Airlines?p=8","B-1321","Boeing 737-89P(WL)","","22. Dec 2017","null","0.2 Years"
"1519894646-6566","https://www.planespotters.net/airline/China-Eastern-Airlines?p=1","B-1051","Airbus A320-214(WL)","C8Y150","30. Jan 2018","null","0.1 Years"
"1519894624-6097","https://www.planespotters.net/airline/China-Eastern-Airlines?p=10","B-","Boeing 737-89P(WL)","","(On Order)","null","0.1 Years"
"1519894626-6131","https://www.planespotters.net/airline/China-Eastern-Airlines?p=9","B-1907","Boeing 737-89P(WL)","C8Y159","12. Dec 2013","null","4.3 Years"
"1519894644-6485","https://www.planespotters.net/airline/China-Eastern-Airlines?p=2","B-1865","Airbus A320-214(WL)","C8Y150","05. Sep 2014","null","3.5 Years"
"1519894629-6203","https://www.planespotters.net/airline/China-Eastern-Airlines?p=8","B-1306","Boeing 737-89P(WL)","","20. Jul 2017","null","0.6 Years"
"1519894636-6329","https://www.planespotters.net/airline/China-Eastern-Airlines?p=5","B-9970","Airbus A320-214(WL)","C8Y150","26. Sep 2013","null","4.5 Years"
"1519894639-6417","https://www.planespotters.net/airline/China-Eastern-Airlines?p=4","B-8859","Airbus A320-214(WL)","C8Y150","29. Nov 2017","null","0.3 Years"
"1519894636-6344","https://www.planespotters.net/airline/China-Eastern-Airlines?p=5","B-1838","Airbus A321-231(WL)","C12Y170","24. Jul 2014","null","3.6 Years"
"1519894624-6076","https://www.planespotters.net/airline/China-Eastern-Airlines?p=10","B-6147","Boeing 737-89P(WL)","","28. Oct 2015","null","2.4 Years"
"1519894641-6430","https://www.planespotters.net/airline/China-Eastern-Airlines?p=3","B-6399","Airbus A320-232","C8Y150","09. Dec 2008","null","9.3 Years"
"1519894631-6243","https://www.planespotters.net/airline/China-Eastern-Airlines?p=7","B-5969","Airbus A330-343","C38Y262","30. Jan 2015","null","3.2 Years"
"1519894644-6508","https://www.planespotters.net/airline/China-Eastern-Airlines?p=2","B-2412","Airbus A320-214","C8Y150","28. Jun 2005","null","12.7 Years"
"1519894646-6562","https://www.planespotters.net/airline/China-Eastern-Airlines?p=1","B-1019","Airbus A320-214(WL)","C8Y150","19. Sep 2017","null","0.5 Years"
"1519894646-6558","https://www.planespotters.net/airline/China-Eastern-Airlines?p=1","B-8017","Airbus A319-132(WL)","C8Y114","20. Jul 2015","null","2.6 Years"
"1519894631-6226","https://www.planespotters.net/airline/China-Eastern-Airlines?p=7","B-5962","Airbus A330-243","C30Y204","17. Dec 2014","null","3.2 Years"
"1519894646-6563","https://www.planespotters.net/airline/China-Eastern-Airlines?p=1","B-1028","Airbus A320-214(WL)","C8Y150","18. Oct 2017","null","0.4 Years"
"1519894641-6474","https://www.planespotters.net/airline/China-Eastern-Airlines?p=3","B-6872","Airbus A320-214","C8Y150","08. Mar 2012","null","6.0 Years"
"1519894639-6379","https://www.planespotters.net/airline/China-Eastern-Airlines?p=4","B-6880","Airbus A320-214","C8Y150","25. May 2012","null","5.8 Years"
"1519894639-6405","https://www.planespotters.net/airline/China-Eastern-Airlines?p=4","B-8497","Airbus A320-232(WL)","C8Y150","09. May 2016","null","1.9 Years"
"1519894626-6149","https://www.planespotters.net/airline/China-Eastern-Airlines?p=9","B-5530","Boeing 737-89P(WL)","C8Y159","29. Jul 2010","null","7.6 Years"
"1519894624-6115","https://www.planespotters.net/airline/China-Eastern-Airlines?p=10","B-7881","Boeing 777-39P(ER)","F6C52Y258","23. May 2017","null","0.8 Years"
"1519894624-6100","https://www.planespotters.net/airline/China-Eastern-Airlines?p=10","B-2003","Boeing 777-39P(ER)","F6C52Y258","24. Nov 2014","null","3.3 Years"
"1519894629-6193","https://www.planespotters.net/airline/China-Eastern-Airlines?p=8","B-5815","Boeing 737-79P(WL)","C8Y126","13. May 2014","null","3.8 Years"
"1519894646-6560","https://www.planespotters.net/airline/China-Eastern-Airlines?p=1","B-8390","Airbus A319-115(WL)","C8Y114","02. Mar 2016","null","2.0 Years"
"1519894644-6499","https://www.planespotters.net/airline/China-Eastern-Airlines?p=2","B-2356","Airbus A320-214","C8Y150","30. Nov 2002","null","20.4 Years"
"1519894631-6249","https://www.planespotters.net/airline/China-Eastern-Airlines?p=7","B-6119","Airbus A330-343","C38Y262","23. Jan 2006","null","12.2 Years"
"1519894634-6301","https://www.planespotters.net/airline/China-Eastern-Airlines?p=6","B-8861","Airbus A321-211(WL)","C12Y170","28. Dec 2017","null","0.2 Years"
"1519894631-6242","https://www.planespotters.net/airline/China-Eastern-Airlines?p=7","B-5953","Airbus A330-343","C38Y262","25. Aug 2014","null","3.6 Years"
"1519894629-6201","https://www.planespotters.net/airline/China-Eastern-Airlines?p=8","B-6141","Boeing 737-79P(WL)","C8Y126","13. Aug 2015","null","2.6 Years"
"1519894636-6363","https://www.planespotters.net/airline/China-Eastern-Airlines?p=5","B-6642","Airbus A321-231","C12Y166","19. Mar 2010","null","8.0 Years"
"1519894634-6277","https://www.planespotters.net/airline/China-Eastern-Airlines?p=6","B-8396","Airbus A321-211(WL)","C12Y170","29. Feb 2016","null","2.1 Years"
"1519894646-6547","https://www.planespotters.net/airline/China-Eastern-Airlines?p=1","B-6461","Airbus A319-115(WL)","C8Y114","29. Sep 2014","null","3.5 Years"
"1519894644-6500","https://www.planespotters.net/airline/China-Eastern-Airlines?p=2","B-2357","Airbus A320-214","C8Y150","21. Dec 2002","null","20.3 Years"
"1519894646-6567","https://www.planespotters.net/airline/China-Eastern-Airlines?p=1","B-1607","Airbus A320-232(WL)","C8Y150","26. Sep 2014","null","3.5 Years"
"1519894629-6209","https://www.planespotters.net/airline/China-Eastern-Airlines?p=8","B-1318","Boeing 737-89P(WL)","","26. Oct 2017","null","0.4 Years"
"1519894641-6446","https://www.planespotters.net/airline/China-Eastern-Airlines?p=3","B-6671","Airbus A320-232","C8Y150","12. May 2010","null","7.9 Years"
"1519894631-6253","https://www.planespotters.net/airline/China-Eastern-Airlines?p=7","B-6128","Airbus A330-343","C38Y262","13. Sep 2006","null","11.6 Years"
"1519894624-6099","https://www.planespotters.net/airline/China-Eastern-Airlines?p=10","B-2002","Boeing 777-39P(ER)","F6C52Y258","28. Oct 2014","null","3.4 Years"
"1519894646-6541","https://www.planespotters.net/airline/China-Eastern-Airlines?p=1","B-6452","Airbus A319-115(WL)","C8Y114","29. Apr 2014","null","4.0 Years"
"1519894646-6528","https://www.planespotters.net/airline/China-Eastern-Airlines?p=1","B-6217","Airbus A319-115","C8Y114","27. Feb 2006","null","12.1 Years"
"1519894636-6340","https://www.planespotters.net/airline/China-Eastern-Airlines?p=5","B-1680","Airbus A321-231(WL)","C12Y170","15. Jun 2015","null","2.7 Years"
"1519894644-6489","https://www.planespotters.net/airline/China-Eastern-Airlines?p=2","B-2219","Airbus A320-214","C8Y150","01. Aug 2001","null","16.7 Years"
"1519894624-6078","https://www.planespotters.net/airline/China-Eastern-Airlines?p=10","B-6149","Boeing 737-89P(WL)","","19. Nov 2015","null","2.3 Years"
"1519894641-6467","https://www.planespotters.net/airline/China-Eastern-Airlines?p=3","B-6805","Airbus A320-214","C8Y150","25. Oct 2011","null","6.4 Years"
"1519894634-6278","https://www.planespotters.net/airline/China-Eastern-Airlines?p=6","B-8397","Airbus A321-211(WL)","C12Y170","29. Feb 2016","null","2.0 Years"
"1519894629-6183","https://www.planespotters.net/airline/China-Eastern-Airlines?p=8","B-5267","Boeing 737-79P(WL)","C8Y126","12. May 2010","null","7.8 Years"
"1519894624-6082","https://www.planespotters.net/airline/China-Eastern-Airlines?p=10","B-7170","Boeing 737-89P(WL)","","17. Dec 2015","null","2.2 Years"
"1519894629-6204","https://www.planespotters.net/airline/China-Eastern-Airlines?p=8","B-1307","Boeing 737-89P(WL)","","04. Aug 2017","null","0.6 Years"
"1519894634-6320","https://www.planespotters.net/airline/China-Eastern-Airlines?p=6","B-5937","Airbus A330-243","C30Y204","11. Dec 2013","null","4.3 Years"
"1519894641-6470","https://www.planespotters.net/airline/China-Eastern-Airlines?p=3","B-6831","Airbus A320-214","C8Y150","23. Nov 2011","null","6.3 Years"
"1519894634-6280","https://www.planespotters.net/airline/China-Eastern-Airlines?p=6","B-8405","Airbus A321-211(WL)","C12Y170","25. Apr 2016","null","1.9 Years"
"1519894644-6509","https://www.planespotters.net/airline/China-Eastern-Airlines?p=2","B-2413","Airbus A320-214","C8Y150","25. Jul 2005","null","12.7 Years"
"1519894639-6380","https://www.planespotters.net/airline/China-Eastern-Airlines?p=4","B-6890","Airbus A320-214","C8Y150","29. Feb 2012","null","6.0 Years"
"1519894624-6110","https://www.planespotters.net/airline/China-Eastern-Airlines?p=10","B-7365","Boeing 777-39P(ER)","F6C52Y258","09. Aug 2016","null","1.6 Years"
"1519894646-6573","https://www.planespotters.net/airline/China-Eastern-Airlines?p=1","B-1613","Airbus A320-214(WL)","C8Y150","19. Dec 2014","null","3.2 Years"
"1519894644-6491","https://www.planespotters.net/airline/China-Eastern-Airlines?p=2","B-2221","Airbus A320-214","C8Y150","05. Dec 2001","null","16.4 Years"
"1519894644-6512","https://www.planespotters.net/airline/China-Eastern-Airlines?p=2","B-6002","Airbus A320-214","C8Y150","26. Sep 2003","null","14.9 Years"
"1519894634-6283","https://www.planespotters.net/airline/China-Eastern-Airlines?p=6","B-8561","Airbus A321-211(WL)","C12Y170","28. Jul 2017","null","0.6 Years"
"1519894631-6260","https://www.planespotters.net/airline/China-Eastern-Airlines?p=7","B-8968","Airbus A330-343","C32W32Y230","26. May 2017","null","0.8 Years"
"1519894634-6291","https://www.planespotters.net/airline/China-Eastern-Airlines?p=6","B-8573","Airbus A321-211(WL)","C12Y170","18. Aug 2016","null","1.6 Years"
"1519894636-6326","https://www.planespotters.net/airline/China-Eastern-Airlines?p=5","B-9945","Airbus A320-232(WL)","C8Y150","23. Aug 2013","null","4.6 Years"
"1519894644-6511","https://www.planespotters.net/airline/China-Eastern-Airlines?p=2","B-6001","Airbus A320-214","C8Y150","17. Nov 2003","null","15.0 Years"
"1519894626-6164","https://www.planespotters.net/airline/China-Eastern-Airlines?p=9","B-5857","Boeing 737-89P(WL)","C8Y159","19. Nov 2013","null","4.3 Years"
"1519894644-6490","https://www.planespotters.net/airline/China-Eastern-Airlines?p=2","B-2220","Airbus A320-214","C8Y150","20. Aug 2001","null","16.7 Years"
"1519894629-6190","https://www.planespotters.net/airline/China-Eastern-Airlines?p=8","B-5802","Boeing 737-79P(WL)","C8Y126","16. Apr 2013","null","4.9 Years"
"1519894631-6264","https://www.planespotters.net/airline/China-Eastern-Airlines?p=7","B-","Airbus A330-343","","(On Order)","null","0.2 Years"
"1519894626-6123","https://www.planespotters.net/airline/China-Eastern-Airlines?p=9","B-1772","Boeing 737-89P(WL)","C8Y159","26. Jan 2015","null","3.1 Years"
"1519894624-6086","https://www.planespotters.net/airline/China-Eastern-Airlines?p=10","B-7393","Boeing 737-89P(WL)","","23. May 2016","null","1.8 Years"
"1519894644-6517","https://www.planespotters.net/airline/China-Eastern-Airlines?p=2","B-6008","Airbus A320-214","C8Y150","20. Aug 2003","null","14.7 Years"
"1519894634-6290","https://www.planespotters.net/airline/China-Eastern-Airlines?p=6","B-8572","Airbus A321-211(WL)","C12Y170","09. Aug 2016","null","1.6 Years"
"1519894626-6151","https://www.planespotters.net/airline/China-Eastern-Airlines?p=9","B-5647","Boeing 737-8HX(WL)","C8Y162","13. Mar 2012","null","6.0 Years"
"1519894644-6495","https://www.planespotters.net/airline/China-Eastern-Airlines?p=2","B-2335","Airbus A320-214","C8Y150","17. Oct 2000","null","17.5 Years"
"1519894639-6398","https://www.planespotters.net/airline/China-Eastern-Airlines?p=4","B-8281","Airbus A320-232(WL)","C8Y150","24. Dec 2015","null","2.2 Years"
"1519894631-6229","https://www.planespotters.net/airline/China-Eastern-Airlines?p=7","B-5975","Airbus A330-243","C30Y204","30. Jun 2015","null","2.8 Years"
"1519894639-6376","https://www.planespotters.net/airline/China-Eastern-Airlines?p=4","B-6877","Airbus A320-232","C8Y150","11. May 2012","null","5.8 Years"
"1519894641-6426","https://www.planespotters.net/airline/China-Eastern-Airlines?p=3","B-6372","Airbus A320-232","C8Y150","20. Sep 2008","null","9.5 Years"
"1519894646-6571","https://www.planespotters.net/airline/China-Eastern-Airlines?p=1","B-1611","Airbus A320-214(WL)","C8Y150","01. Dec 2014","null","3.3 Years"
"1519894641-6444","https://www.planespotters.net/airline/China-Eastern-Airlines?p=3","B-6638","Airbus A320-232","C8Y150","23. Mar 2010","null","8.0 Years"
"1519894626-6168","https://www.planespotters.net/airline/China-Eastern-Airlines?p=9","B-6145","Boeing 737-89P(WL)","","29. Sep 2015","null","2.5 Years"
"1519894641-6434","https://www.planespotters.net/airline/China-Eastern-Airlines?p=3","B-6585","Airbus A320-232","C8Y150","08. Jul 2009","null","8.7 Years"
"1519894634-6305","https://www.planespotters.net/airline/China-Eastern-Airlines?p=6","B-8979","Airbus A321-211(WL)","C12Y170","04. Jul 2017","null","0.7 Years"
"1519894626-6140","https://www.planespotters.net/airline/China-Eastern-Airlines?p=9","B-5473","Boeing 737-89P(WL)","C8Y159","25. Sep 2009","null","8.5 Years"
"1519894644-6503","https://www.planespotters.net/airline/China-Eastern-Airlines?p=2","B-2372","Airbus A320-214","C8Y150","15. Mar 2004","null","19.5 Years"
"1519894639-6382","https://www.planespotters.net/airline/China-Eastern-Airlines?p=4","B-6892","Airbus A320-214","C8Y150","30. Mar 2012","null","6.0 Years"
"1519894634-6319","https://www.planespotters.net/airline/China-Eastern-Airlines?p=6","B-5936","Airbus A330-243","C30Y204","23. Oct 2013","null","4.5 Years"
"1519894629-6169","https://www.planespotters.net/airline/China-Eastern-Airlines?p=8","B-2640","Boeing 737-7W0(WL)","C8Y126","13. Mar 2004","null","19.3 Years"
"1519894646-6530","https://www.planespotters.net/airline/China-Eastern-Airlines?p=1","B-6231","Airbus A319-115","C8Y114","13. Jul 2006","null","11.7 Years"
"1519894636-6324","https://www.planespotters.net/airline/China-Eastern-Airlines?p=5","B-9942","Airbus A320-214(WL)","C8Y150","25. Jul 2013","null","4.7 Years"
"1519894639-6407","https://www.planespotters.net/airline/China-Eastern-Airlines?p=4","B-8556","Airbus A320-214(WL)","C8Y150","17. Jun 2016","null","1.8 Years"
"1519894629-6199","https://www.planespotters.net/airline/China-Eastern-Airlines?p=8","B-5822","Boeing 737-79P(WL)","C8Y126","09. Jun 2014","null","3.8 Years"
"1519894641-6440","https://www.planespotters.net/airline/China-Eastern-Airlines?p=3","B-6617","Airbus A320-232","C8Y150","22. Dec 2009","null","8.2 Years"
"1519894641-6441","https://www.planespotters.net/airline/China-Eastern-Airlines?p=3","B-6635","Airbus A320-232","C8Y150","26. Jan 2010","null","8.1 Years"
"1519894644-6510","https://www.planespotters.net/airline/China-Eastern-Airlines?p=2","B-2415","Airbus A320-214","C8Y150","29. Jul 2005","null","12.7 Years"
"1519894636-6358","https://www.planespotters.net/airline/China-Eastern-Airlines?p=5","B-6367","Airbus A321-211","C20Y155","21. Aug 2008","null","9.6 Years"
"1519894646-6532","https://www.planespotters.net/airline/China-Eastern-Airlines?p=1","B-6427","Airbus A319-133","C8Y114","28. Aug 2012","null","5.5 Years"
"1519894646-6544","https://www.planespotters.net/airline/China-Eastern-Airlines?p=1","B-6458","Airbus A319-115(WL)","C8Y114","23. May 2014","null","3.8 Years"
"1519894626-6121","https://www.planespotters.net/airline/China-Eastern-Airlines?p=9","B-1722","Boeing 737-89P(WL)","C8Y159","28. Nov 2014","null","3.3 Years"
"1519894644-6519","https://www.planespotters.net/airline/China-Eastern-Airlines?p=2","B-6010","Airbus A320-214","C8Y150","18. Jun 2004","null","13.8 Years"
"1519894644-6475","https://www.planespotters.net/airline/China-Eastern-Airlines?p=2","B-1655","Airbus A320-232(WL)","C8Y150","02. Apr 2015","null","2.9 Years"
"1519894644-6493","https://www.planespotters.net/airline/China-Eastern-Airlines?p=2","B-2229","Airbus A320-214","C8Y150","23. Jan 2003","null","15.2 Years"
"1519894636-6355","https://www.planespotters.net/airline/China-Eastern-Airlines?p=5","B-6332","Airbus A321-211","C20Y155","16. Oct 2007","null","10.4 Years"
"1519894624-6093","https://www.planespotters.net/airline/China-Eastern-Airlines?p=10","B-7875","Boeing 737-89P(WL)","","18. Jul 2016","null","1.6 Years"
"1519894631-6241","https://www.planespotters.net/airline/China-Eastern-Airlines?p=7","B-1049","Airbus A330-343","","(On Order)","null","0.3 Years"
"1519894641-6424","https://www.planespotters.net/airline/China-Eastern-Airlines?p=3","B-6370","Airbus A320-214","C8Y150","23. Jul 2008","null","9.7 Years"
"1519894626-6127","https://www.planespotters.net/airline/China-Eastern-Airlines?p=9","B-1789","Boeing 737-89P(WL)","","21. Apr 2015","null","2.9 Years"
"1519894631-6234","https://www.planespotters.net/airline/China-Eastern-Airlines?p=7","B-6123","Airbus A330-243","C24Y242","28. Mar 2006","null","12.0 Years"
"1519894626-6136","https://www.planespotters.net/airline/China-Eastern-Airlines?p=9","B-1965","Boeing 737-89P(WL)","C8Y159","18. Jul 2014","null","3.6 Years"
"1519894639-6411","https://www.planespotters.net/airline/China-Eastern-Airlines?p=4","B-8565","Airbus A320-214(WL)","C8Y150","19. May 2017","null","0.8 Years"
"1519894644-6476","https://www.planespotters.net/airline/China-Eastern-Airlines?p=2","B-1678","Airbus A320-232(WL)","C8Y150","07. May 2015","null","2.9 Years"
"1519894624-6075","https://www.planespotters.net/airline/China-Eastern-Airlines?p=10","B-6146","Boeing 737-89P(WL)","","24. Sep 2015","null","2.5 Years"
"1519894644-6498","https://www.planespotters.net/airline/China-Eastern-Airlines?p=2","B-2338","Airbus A320-214","C8Y150","18. Dec 2000","null","17.3 Years"
"1519894624-6105","https://www.planespotters.net/airline/China-Eastern-Airlines?p=10","B-2023","Boeing 777-39P(ER)","F6C52Y258","11. Aug 2015","null","2.6 Years"
"1519894634-6302","https://www.planespotters.net/airline/China-Eastern-Airlines?p=6","B-8976","Airbus A321-211(WL)","C12Y170","22. Feb 2017","null","1.0 Years"
"1519894634-6300","https://www.planespotters.net/airline/China-Eastern-Airlines?p=6","B-8860","Airbus A321-211(WL)","C12Y170","28. Dec 2017","null","0.2 Years"
"1519894634-6299","https://www.planespotters.net/airline/China-Eastern-Airlines?p=6","B-8653","Airbus A321-211(WL)","C12Y170","21. Oct 2016","null","1.4 Years"
"1519894624-6088","https://www.planespotters.net/airline/China-Eastern-Airlines?p=10","B-7590","Boeing 737-89P(WL)","","28. Mar 2016","null","2.0 Years"
"1519894629-6180","https://www.planespotters.net/airline/China-Eastern-Airlines?p=8","B-5259","Boeing 737-79P(WL)","C8Y126","19. Oct 2009","null","8.4 Years"
"1519894644-6482","https://www.planespotters.net/airline/China-Eastern-Airlines?p=2","B-1861","Airbus A320-214(WL)","C8Y150","04. Sep 2014","null","3.5 Years"
